Workbook

Sheet Datos de Demanda
A1: UNIÓN DE CERVECERÍAS PERUANAS BACKUS Y JOHNSTON S.A.A. - DEMANDA SEMANAL POR LÍNEA DE PRODUCTO
A2: Trabajo de Teoría de Juegos - Criterios de decisión con un jugador (determinísticos, Bayes y Valor Esperado)
A4: Empresa: | C4: Unión de Cervecerías Peruanas Backus y Johnston S.A.A. (Backus, subsidiaria de AB InBev)
A5: Bolsa / Ticker: | C5: Bolsa de Valores de Lima (BVL) - BACKUSI1 / BACKUAC1
A6: Sector: | C6: Consumo masivo - bebidas (cervezas y gaseosas)
A7: Alternativas (productos analizados): | C7: Cristal, Pilsen Callao, Cusqueña, Guaraná Backus
A8: Unidad de medida: | C8: Miles de cajas vendidas por semana
A9: Periodo de datos: | C9: 52 semanas (año 2025)
A11: Nota metodológica: los volúmenes semanales son datos ilustrativos construidos a partir de patrones estacionales reales de la industria cervecera peruana (mayor consumo en verano, Carnavales, Fiestas Patrias y Navidad/Año Nuevo; menor consumo en invierno y Semana Santa). El 'Estado de la naturaleza' de cada semana equivale a la temporada de demanda (Baja/Media/Alta) que la empresa no controla, sobre la cual se aplican los criterios de decisión.
A13: N° SEMANA | B13: MES | C13: ESTADO DE LA NATURALEZA (TEMPORADA) | D13: CRISTAL | E13: PILSEN CALLAO | F13: CUSQUEÑA | G13: GUARANÁ BACKUS | H13: DEMANDA TOTAL (miles de cajas)
A14: 1 | B14: Jan | C14: Alta | D14: 279 | E14: 297 | F14: 355 | G14: 199 | H14: =SUM(D14:G14) -> 1130
A15: 2 | B15: Jan | C15: Alta | D15: 266 | E15: 295 | F15: 378 | G15: 190 | H15: =SUM(D15:G15) -> 1129
A16: 3 | B16: Jan | C16: Alta | D16: 261 | E16: 311 | F16: 329 | G16: 174 | H16: =SUM(D16:G16) -> 1075
A17: 4 | B17: Jan | C17: Alta | D17: 275 | E17: 260 | F17: 299 | G17: 173 | H17: =SUM(D17:G17) -> 1007
A18: 5 | B18: Feb | C18: Alta | D18: 251 | E18: 307 | F18: 318 | G18: 162 | H18: =SUM(D18:G18) -> 1038
A19: 6 | B19: Feb | C19: Alta | D19: 298 | E19: 295 | F19: 342 | G19: 162 | H19: =SUM(D19:G19) -> 1097
A20: 7 | B20: Feb | C20: Alta | D20: 260 | E20: 302 | F20: 313 | G20: 185 | H20: =SUM(D20:G20) -> 1060
A21: 8 | B21: Feb | C21: Alta | D21: 259 | E21: 294 | F21: 326 | G21: 203 | H21: =SUM(D21:G21) -> 1082
A22: 9 | B22: Mar | C22: Media | D22: 245 | E22: 213 | F22: 159 | G22: 87 | H22: =SUM(D22:G22) -> 704
A23: 10 | B23: Mar | C23: Media | D23: 249 | E23: 198 | F23: 136 | G23: 96 | H23: =SUM(D23:G23) -> 679
A24: 11 | B24: Mar | C24: Media | D24: 258 | E24: 233 | F24: 149 | G24: 93 | H24: =SUM(D24:G24) -> 733
A25: 12 | B25: Mar | C25: Media | D25: 220 | E25: 218 | F25: 145 | G25: 102 | H25: =SUM(D25:G25) -> 685
... A65: 52 | B65: Dec | C65: Alta | D65: 244 | E65: 280 | F65: 352 | G65: 186 | H65: =SUM(D65:G65) -> 1062
A67: FRECUENCIA HISTÓRICA DE ESTADOS DE LA NATURALEZA - 2025 (base del criterio de BAYES)
A68: ESTADO | B68: N° DE SEMANAS | C68: PROBABILIDAD HISTÓRICA (Criterio de Bayes)
A69: Demanda Baja | B69: =COUNTIF($C$14:$C$65,"Baja") -> 14 | C69: =B69/52 -> 0.26923077
A70: Demanda Media | B70: =COUNTIF($C$14:$C$65,"Media") -> 25 | C70: =B70/52 -> 0.48076923
A71: Demanda Alta | B71: =COUNTIF($C$14:$C$65,"Alta") -> 13 | C71: =B71/52 -> 0.25
A72: TOTAL | B72: =SUM(B69:B71) -> 52 | C72: =SUM(C69:C71) -> 1
A74: PROBABILIDAD PRONOSTICADA 2026 - ESTIMACIÓN COMERCIAL (base del criterio de VALOR ESPERADO)
A75: ESTADO | C75: PROBABILIDAD PRONOSTICADA (Valor Esperado)
A76: Demanda Baja | C76: 0.2
A77: Demanda Media | C77: 0.45
A78: Demanda Alta | C78: 0.35
A79: TOTAL | C79: =SUM(C76:C78) -> 1

Sheet Criterios de Decisión
A1: BACKUS — CRITERIOS DE DECISIÓN PARA TEORÍA DE JUEGOS (UN SOLO JUGADOR)
A2: ¿En qué línea de producto (Cristal, Pilsen Callao, Cusqueña o Guaraná Backus) debería la empresa priorizar su inversión productiva y comercial, sin conocer con certeza qué tan fuerte será la demanda?
A4: 1. MATRIZ DE RESULTADOS (PAGOS) — Promedio de cajas vendidas por semana, en miles, según estado de demanda
A5: ALTERNATIVA (PRODUCTO) | B5: DEMANDA BAJA | C5: DEMANDA MEDIA | D5: DEMANDA ALTA
A6: Cristal | B6: =AVERAGEIFS('Datos de Demanda'!$D$14:$D$65,'Datos de Demanda'!$C$14:$C$65,"Baja") -> 205.71429 | C6: =AVERAGEIFS('Datos de Demanda'!$D$14:$D$65,'Datos de Demanda'!$C$14:$C$65,"Media") -> 245.64 | D6: =AVERAGEIFS('Datos de Demanda'!$D$14:$D$65,'Datos de Demanda'!$C$14:$C$65,"Alta") -> 266.61538
A7: Pilsen Callao | B7: =AVERAGEIFS('Datos de Demanda'!$E$14:$E$65,'Datos de Demanda'!$C$14:$C$65,"Baja") -> 152.92857 | C7: =AVERAGEIFS('Datos de Demanda'!$E$14:$E$65,'Datos de Demanda'!$C$14:$C$65,"Media") -> 230.16 | D7: =AVERAGEIFS('Datos de Demanda'!$E$14:$E$65,'Datos de Demanda'!$C$14:$C$65,"Alta") -> 292.69231
A8: Cusqueña | B8: =AVERAGEIFS('Datos de Demanda'!$F$14:$F$65,'Datos de Demanda'!$C$14:$C$65,"Baja") -> 69.785714 | C8: =AVERAGEIFS('Datos de Demanda'!$F$14:$F$65,'Datos de Demanda'!$C$14:$C$65,"Media") -> 147.56 | D8: =AVERAGEIFS('Datos de Demanda'!$F$14:$F$65,'Datos de Demanda'!$C$14:$C$65,"Alta") -> 340.76923
A9: Guaraná Backus | B9: =AVERAGEIFS('Datos de Demanda'!$G$14:$G$65,'Datos de Demanda'!$C$14:$C$65,"Baja") -> 54.642857 | C9: =AVERAGEIFS('Datos de Demanda'!$G$14:$G$65,'Datos de Demanda'!$C$14:$C$65,"Media") -> 96.12 | D9: =AVERAGEIFS('Datos de Demanda'!$G$14:$G$65,'Datos de Demanda'!$C$14:$C$65,"Alta") -> 182.07692
A11: Probabilidad histórica (criterio BAYES) | B11: ='Datos de Demanda'!$C$69 -> 0.26923077 | C11: ='Datos de Demanda'!$C$70 -> 0.48076923 | D11: ='Datos de Demanda'!$C$71 -> 0.25
A12: Probabilidad pronosticada (criterio VALOR ESPERADO) | B12: ='Datos de Demanda'!$C$76 -> 0.2 | C12: ='Datos de Demanda'!$C$77 -> 0.45 | D12: ='Datos de Demanda'!$C$78 -> 0.35
A14: 2. TABLA DE COSTO DE OPORTUNIDAD (arrepentimiento) — base del criterio de SAVAGE
A15: ALTERNATIVA (PRODUCTO) | B15: DEMANDA BAJA | C15: DEMANDA MEDIA | D15: DEMANDA ALTA | E15: MÁXIMO ARREPENTIMIENTO
A16: Cristal | B16: =MAX(B$6:B$9)-B6 -> 0 | C16: =MAX(C$6:C$9)-C6 -> 0 | D16: =MAX(D$6:D$9)-D6 -> 74.153846 | E16: =MAX(B16:D16) -> 74.153846
A17: Pilsen Callao | B17: =MAX(B$6:B$9)-B7 -> 52.785714 | C17: =MAX(C$6:C$9)-C7 -> 15.48 | D17: =MAX(D$6:D$9)-D7 -> 48.076923 | E17: =MAX(B17:D17) -> 52.785714
A18: Cusqueña | B18: =MAX(B$6:B$9)-B8 -> 135.92857 | C18: =MAX(C$6:C$9)-C8 -> 98.08 | D18: =MAX(D$6:D$9)-D8 -> 0 | E18: =MAX(B18:D18) -> 135.92857
A19: Guaraná Backus | B19: =MAX(B$6:B$9)-B9 -> 151.07143 | C19: =MAX(C$6:C$9)-C9 -> 149.52 | D19: =MAX(D$6:D$9)-D9 -> 158.69231 | E19: =MAX(B19:D19) -> 158.69231
A21: 3. CRITERIOS DE DECISIÓN
A22: Coeficiente de optimismo para HURWICZ: α = | G22: 0.6 | H22: (1-α = coeficiente de pesimismo; supuesto editable)
A23: ALTERNATIVA (PRODUCTO) | B23: LAPLACE (razón suficiente) | C23: WALD PESIMISTA (MAXIMIN) | D23: WALD OPTIMISTA (MAXIMAX) | E23: SAVAGE (mín. máx. arrepent.) | F23: HURWICZ (α·máx+(1-α)·mín) | G23: MP (máxima probabilidad) | H23: BAYES (VE con prob. histórica) | I23: VE (VE con prob. pronosticada)
A24: Cristal | B24: =AVERAGE(B6:D6) -> 239.32322 | C24: =MIN(B6:D6) -> 205.71429 | D24: =MAX(B6:D6) -> 266.61538 | E24: =E16 -> 74.153846 | F24: =$G22*MAX(B6:D6)+(1-$G22)*MIN(B6:D6) -> 242.25495 | G24: =INDEX(B6:D6,MATCH(MAX($B$11:$D$11),$B$11:$D$11,0)) -> 245.64 | H24: =SUMPRODUCT(B6:D6,$B$11:$D$11) -> 240.13462 | I24: =SUMPRODUCT(B6:D6,$B$12:$D$12) -> 244.99624
A25: Pilsen Callao | B25: =AVERAGE(B7:D7) -> 225.26029 | C25: =MIN(B7:D7) -> 152.92857 | D25: =MAX(B7:D7) -> 292.69231 | E25: =E17 -> 52.785714 | F25: =$G22*MAX(B7:D7)+(1-$G22)*MIN(B7:D7) -> 236.78681 | G25: =INDEX(B7:D7,MATCH(MAX($B$11:$D$11),$B$11:$D$11,0)) -> 230.16 | H25: =SUMPRODUCT(B7:D7,$B$11:$D$11) -> 225 | I25: =SUMPRODUCT(B7:D7,$B$12:$D$12) -> 236.60002
A26: Cusqueña | B26: =AVERAGE(B8:D8) -> 186.03832 | C26: =MIN(B8:D8) -> 69.785714 | D26: =MAX(B8:D8) -> 340.76923 | E26: =E18 -> 135.92857 | F26: =$G22*MAX(B8:D8)+(1-$G22)*MIN(B8:D8) -> 232.37582 | G26: =INDEX(B8:D8,MATCH(MAX($B$11:$D$11),$B$11:$D$11,0)) -> 147.56 | H26: =SUMPRODUCT(B8:D8,$B$11:$D$11) -> 174.92308 | I26: =SUMPRODUCT(B8:D8,$B$12:$D$12) -> 199.62837
A27: Guaraná Backus | B27: =AVERAGE(B9:D9) -> 110.94659 | C27: =MIN(B9:D9) -> 54.642857 | D27: =MAX(B9:D9) -> 182.07692 | E27: =E19 -> 158.69231 | F27: =$G22*MAX(B9:D9)+(1-$G22)*MIN(B9:D9) -> 131.1033 | G27: =INDEX(B9:D9,MATCH(MAX($B$11:$D$11),$B$11:$D$11,0)) -> 96.12 | H27: =SUMPRODUCT(B9:D9,$B$11:$D$11) -> 106.44231 | I27: =SUMPRODUCT(B9:D9,$B$12:$D$12) -> 117.90949
A29: MEJOR ALTERNATIVA | B29: =INDEX($A$24:$A$27,MATCH(MAX(B24:B27),B24:B27,0)) -> Cristal | C29: =INDEX($A$24:$A$27,MATCH(MAX(C24:C27),C24:C27,0)) -> Cristal | D29: =INDEX($A$24:$A$27,MATCH(MAX(D24:D27),D24:D27,0)) -> Cusqueña | E29: {=INDEX($A$24:$A$27,MATCH(MIN(E24:E27),E24:E27,0))} -> Pilsen Callao | F29: =INDEX($A$24:$A$27,MATCH(MAX(F24:F27),F24:F27,0)) -> Cristal | G29: =INDEX($A$24:$A$27,MATCH(MAX(G24:G27),G24:G27,0)) -> Cristal | H29: =INDEX($A$24:$A$27,MATCH(MAX(H24:H27),H24:H27,0)) -> Cristal | I29: =INDEX($A$24:$A$27,MATCH(MAX(I24:I27),I24:I27,0)) -> Cristal
A31: 4. MATRIZ RESUMEN DE DECISIÓN
A32: ALTERNATIVA (PRODUCTO) | B32: LAPLACE | C32: WALD PESIM. | D32: WALD OPTIM. | E32: SAVAGE | F32: HURWICZ | G32: MP | H32: BAYES | I32: VE | J32: N° DE CRITERIOS GANADOS
A33: Cristal | B33: =IF($A33=$B$29,"X","") -> X | C33: =IF($A33=$C$29,"X","") -> X | D33: =IF($A33=$D$29,"X","") | E33: =IF($A33=$E$29,"X","") | F33: =IF($A33=$F$29,"X","") -> X | G33: =IF($A33=$G$29,"X","") -> X | H33: =IF($A33=$H$29,"X","") -> X | I33: =IF($A33=$I$29,"X","") -> X | J33: =COUNTIF(B33:I33,"X") -> 6
A34: Pilsen Callao | B34: =IF($A34=$B$29,"X","") | C34: =IF($A34=$C$29,"X","") | D34: =IF($A34=$D$29,"X","") | E34: =IF($A34=$E$29,"X","") -> X | F34: =IF($A34=$F$29,"X","") | G34: =IF($A34=$G$29,"X","") | H34: =IF($A34=$H$29,"X","") | I34: =IF($A34=$I$29,"X","") | J34: =COUNTIF(B34:I34,"X") -> 1
A35: Cusqueña | B35: =IF($A35=$B$29,"X","") | C35: =IF($A35=$C$29,"X","") | D35: =IF($A35=$D$29,"X","") -> X | E35: =IF($A35=$E$29,"X","") | F35: =IF($A35=$F$29,"X","") | G35: =IF($A35=$G$29,"X","") | H35: =IF($A35=$H$29,"X","") | I35: =IF($A35=$I$29,"X","") | J35: =COUNTIF(B35:I35,"X") -> 1
A36: Guaraná Backus | B36: =IF($A36=$B$29,"X","") | C36: =IF($A36=$C$29,"X","") | D36: =IF($A36=$D$29,"X","") | E36: =IF($A36=$E$29,"X","") | F36: =IF($A36=$F$29,"X","") | G36: =IF($A36=$G$29,"X","") | H36: =IF($A36=$H$29,"X","") | I36: =IF($A36=$I$29,"X","") | J36: =COUNTIF(B36:I36,"X") -> 0
A39: 5. CONCLUSIÓN
A40: {="La alternativa con mayor número de criterios de decisión favorables es "&INDEX($A$33:$A$36,MATCH(MAX($J$33:$J$36),$J$33:$J$36,0))&", con "&TEXT(MAX($J$33:$J$36),"0")&" de 8 criterios ganados. Bajo el enfoque probabilístico (BAYES y VE), que incorpora la información histórica y el pronóstico comercial, la mejor alternativa es "&INDEX($A$24:$A$27,MATCH(MAX($H$24:$H$27),$H$24:$H$27,0))&". En consecuencia, se recomienda priorizar la inversión productiva y comercial en dicha línea de producto, sin descuidar el resto del portafolio para mantener la diversificación de riesgo frente a la incertidumbre de la demanda."} -> La alternativa con mayor número de criterios de decisión favorables es Cristal, con 6 de 8 criterios ganados. Bajo el enfoque probabilístico (BAYES y VE), que incorpora la información histórica y el pronóstico comercial, la mejor alternativa es Cristal. En consecuencia, se recomienda priorizar la inversión productiva y comercial en dicha línea de producto, sin descuidar el resto del portafolio para mantener la diversificación de riesgo frente a la incertidumbre de la demanda.

Sheet Costo de oportunidad
A4: 1. MATRIZ DE RESULTADOS (PAGOS) — Promedio de cajas vendidas por semana, en miles, según estado de demanda
A5: ALTERNATIVA (PRODUCTO) | B5: DEMANDA BAJA | C5: DEMANDA MEDIA | D5: DEMANDA ALTA
A6: Cristal | B6: =AVERAGEIFS('Datos de Demanda'!$D$14:$D$65,'Datos de Demanda'!$C$14:$C$65,"Baja") -> 205.71429 | C6: =AVERAGEIFS('Datos de Demanda'!$D$14:$D$65,'Datos de Demanda'!$C$14:$C$65,"Media") -> 245.64 | D6: =AVERAGEIFS('Datos de Demanda'!$D$14:$D$65,'Datos de Demanda'!$C$14:$C$65,"Alta") -> 266.61538
A7: Pilsen Callao | B7: =AVERAGEIFS('Datos de Demanda'!$E$14:$E$65,'Datos de Demanda'!$C$14:$C$65,"Baja") -> 152.92857 | C7: =AVERAGEIFS('Datos de Demanda'!$E$14:$E$65,'Datos de Demanda'!$C$14:$C$65,"Media") -> 230.16 | D7: =AVERAGEIFS('Datos de Demanda'!$E$14:$E$65,'Datos de Demanda'!$C$14:$C$65,"Alta") -> 292.69231
A8: Cusqueña | B8: =AVERAGEIFS('Datos de Demanda'!$F$14:$F$65,'Datos de Demanda'!$C$14:$C$65,"Baja") -> 69.785714 | C8: =AVERAGEIFS('Datos de Demanda'!$F$14:$F$65,'Datos de Demanda'!$C$14:$C$65,"Media") -> 147.56 | D8: =AVERAGEIFS('Datos de Demanda'!$F$14:$F$65,'Datos de Demanda'!$C$14:$C$65,"Alta") -> 340.76923
A9: Guaraná Backus | B9: =AVERAGEIFS('Datos de Demanda'!$G$14:$G$65,'Datos de Demanda'!$C$14:$C$65,"Baja") -> 54.642857 | C9: =AVERAGEIFS('Datos de Demanda'!$G$14:$G$65,'Datos de Demanda'!$C$14:$C$65,"Media") -> 96.12 | D9: =AVERAGEIFS('Datos de Demanda'!$G$14:$G$65,'Datos de Demanda'!$C$14:$C$65,"Alta") -> 182.07692
A11: Probabilidad histórica (criterio BAYES) | B11: ='Datos de Demanda'!$C$69 -> 0.26923077 | C11: ='Datos de Demanda'!$C$70 -> 0.48076923 | D11: ='Datos de Demanda'!$C$71 -> 0.25
A12: Probabilidad pronosticada (criterio VALOR ESPERADO) | B12: ='Datos de Demanda'!$C$76 -> 0.2 | C12: ='Datos de Demanda'!$C$77 -> 0.45 | D12: ='Datos de Demanda'!$C$78 -> 0.35
A14: 2. TABLA DE COSTO DE OPORTUNIDAD (arrepentimiento) — base del criterio de SAVAGE
A15: ALTERNATIVA (PRODUCTO) | B15: DEMANDA BAJA | C15: DEMANDA MEDIA | D15: DEMANDA ALTA | E15: MÁXIMO ARREPENTIMIENTO
A16: Cristal | B16: =MAX(B$6:B$9)-B6 -> 0 | C16: =MAX(C$6:C$9)-C6 -> 0 | D16: =MAX(D$6:D$9)-D6 -> 74.153846 | E16: =MAX(B16:D16) -> 74.153846 | G16: Resultado: La alternativa recomendada mediante el criterio de Savage es Pilsen Callao, porque presenta el menor máximo costo de oportunidad: 53 | K16: Interpretacion: De acuerdo con el criterio de Savage, nos indica que, independientemente del nivel de demanda que se presente, elegir Pilsen Callao permite minimizar el máximo arrepentimiento que podría experimentar la empresa Backus al no haber escogido la alternativa que generaba el mayor beneficio en cada estado de la naturaleza
A17: Pilsen Callao | B17: =MAX(B$6:B$9)-B7 -> 52.785714 | C17: =MAX(C$6:C$9)-C7 -> 15.48 | D17: =MAX(D$6:D$9)-D7 -> 48.076923 | E17: =MAX(B17:D17) -> 52.785714
A18: Cusqueña | B18: =MAX(B$6:B$9)-B8 -> 135.92857 | C18: =MAX(C$6:C$9)-C8 -> 98.08 | D18: =MAX(D$6:D$9)-D8 -> 0 | E18: =MAX(B18:D18) -> 135.92857
A19: Guaraná Backus | B19: =MAX(B$6:B$9)-B9 -> 151.07143 | C19: =MAX(C$6:C$9)-C9 -> 149.52 | D19: =MAX(D$6:D$9)-D9 -> 158.69231 | E19: =MAX(B19:D19) -> 158.69231
A21: 3. CRITERIOS DE DECISIÓN
A22: Coeficiente de optimismo para HURWICZ: α = | G22: 0.6 | H22: (1-α = coeficiente de pesimismo; supuesto editable)
A23: ALTERNATIVA (PRODUCTO) | B23: LAPLACE (razón suficiente) | C23: WALD PESIMISTA (MAXIMIN) | D23: WALD OPTIMISTA (MAXIMAX) | E23: SAVAGE (mín. máx. arrepent.) | F23: HURWICZ (α·máx+(1-α)·mín) | G23: MP (máxima probabilidad) | H23: BAYES (VE con prob. histórica) | I23: VE (VE con prob. pronosticada)
A24: Cristal | B24: =AVERAGE(B6:D6) -> 239.32322 | C24: =MIN(B6:D6) -> 205.71429 | D24: =MAX(B6:D6) -> 266.61538 | E24: =E16 -> 74.153846 | F24: =$G22*MAX(B6:D6)+(1-$G22)*MIN(B6:D6) -> 242.25495 | G24: =INDEX(B6:D6,MATCH(MAX($B$11:$D$11),$B$11:$D$11,0)) -> 245.64 | H24: =SUMPRODUCT(B6:D6,$B$11:$D$11) -> 240.13462 | I24: =SUMPRODUCT(B6:D6,$B$12:$D$12) -> 244.99624
A25: Pilsen Callao | B25: =AVERAGE(B7:D7) -> 225.26029 | C25: =MIN(B7:D7) -> 152.92857 | D25: =MAX(B7:D7) -> 292.69231 | E25: =E17 -> 52.785714 | F25: =$G22*MAX(B7:D7)+(1-$G22)*MIN(B7:D7) -> 236.78681 | G25: =INDEX(B7:D7,MATCH(MAX($B$11:$D$11),$B$11:$D$11,0)) -> 230.16 | H25: =SUMPRODUCT(B7:D7,$B$11:$D$11) -> 225 | I25: =SUMPRODUCT(B7:D7,$B$12:$D$12) -> 236.60002
A26: Cusqueña | B26: =AVERAGE(B8:D8) -> 186.03832 | C26: =MIN(B8:D8) -> 69.785714 | D26: =MAX(B8:D8) -> 340.76923 | E26: =E18 -> 135.92857 | F26: =$G22*MAX(B8:D8)+(1-$G22)*MIN(B8:D8) -> 232.37582 | G26: =INDEX(B8:D8,MATCH(MAX($B$11:$D$11),$B$11:$D$11,0)) -> 147.56 | H26: =SUMPRODUCT(B8:D8,$B$11:$D$11) -> 174.92308 | I26: =SUMPRODUCT(B8:D8,$B$12:$D$12) -> 199.62837
A27: Guaraná Backus | B27: =AVERAGE(B9:D9) -> 110.94659 | C27: =MIN(B9:D9) -> 54.642857 | D27: =MAX(B9:D9) -> 182.07692 | E27: =E19 -> 158.69231 | F27: =$G22*MAX(B9:D9)+(1-$G22)*MIN(B9:D9) -> 131.1033 | G27: =INDEX(B9:D9,MATCH(MAX($B$11:$D$11),$B$11:$D$11,0)) -> 96.12 | H27: =SUMPRODUCT(B9:D9,$B$11:$D$11) -> 106.44231 | I27: =SUMPRODUCT(B9:D9,$B$12:$D$12) -> 117.90949
E29: VEcIP | F29: - | G29: VEsIP= | H29: VEIP
D30: Resultado | E30: 245 | F30: - | G30: 240 | H30: 5
D32: Interpretacion: Al tener como resultado el valor de 5 unidades, la empresa como maximo deberia estar dispuesto a pagar 5 unidades. El concepto de valor esperado de información representa precisamente cuánto mejora la decisión al disponer de información adicional.

Sheet ARBOL DE DECISIONES

Sheet Grafico de analisis de sensibil
B3: Probabilidad | C3: Cristal | D3: Pilsen | E3: Cusqueña | F3: Guarana
B4: 0 | C4: 206 | D4: 153 | E4: 70 | F4: 55
B5: 1 | C5: 267 | D5: 293 | E5: 341 | F5: 182
B37: Probabilidad | C37: Cristal | D37: Pilsen | E37: Cusqueña | F37: Guarana
B38: 0 | C38: 233.69 | D38: 206.31 | E38: 124 | F38: 83.38
B39: 0.35 | C39: 245.35 | D39: 236.65 | E39: 199.95 | F39: 117.9
B40: 0.51 | C40: 250.78 | D40: 250.78 | E40: 235.32 | F40: 133.97
B41: 0.63 | C41: 254.74 | D41: 261.1 | E41: 261.14 | F41: 145.71
B42: 1 | C42: 267 | D42: 293 | E42: 341 | F42: 182
